<?xml version="1.0" encoding="UTF-8"?>
<launch4jConfig>
  <dontWrapJar>false</dontWrapJar>
  <headerType>gui</headerType>
  <jar>C:\Users\Hans\Documents\NetBeansProjects\ho\dist\HotelAppRefactor.jar</jar>
  <outfile>C:\Users\Hans\Downloads\Nueva carpeta (2).exe</outfile>
  <errTitle></errTitle>
  <cmdLine></cmdLine>
  <chdir>.</chdir>
  <priority>normal</priority>
  <downloadUrl></downloadUrl>
  <supportUrl></supportUrl>
  <stayAlive>false</stayAlive>
  <restartOnCrash>false</restartOnCrash>
  <manifest></manifest>
  <icon>C:\Users\Hans\Downloads\80dbeb51-d06f-4fb6-9470-a11a28d90383.ico</icon>
  <classPath>
    <mainClass>ho.HotelAppRefactor </mainClass>
    <cp>lib/jcalendar-1.4.jar</cp>
  </classPath>
  <jre>
    <path>%JAVA_HOME%;%PATH%</path>
    <requiresJdk>false</requiresJdk>
    <requires64Bit>true</requires64Bit>
    <minVersion>9</minVersion>
    <maxVersion>22</maxVersion>
  </jre>
</launch4jConfig>